﻿<?xml version="1.0" encoding="utf-8"?>
<?xml-stylesheet type="text/xsl" href="c:\program files (x86)\microsoft visual studio 11.0\team tools\static analysis tools\fxcop\Xml\CodeAnalysisReport.xsl"?>
<FxCopReport Version="11.0">
 <Targets>
  <Target Name="F:\Projekte\GitHub\rcondev\RaptoRCon\development\_Artifacts\Server\RaptoRCon.Sockets.dll">
   <Modules>
    <Module Name="raptorcon.sockets.dll">
     <Messages>
      <Message TypeName="MarkAssembliesWithClsCompliant" Category="Microsoft.Design" CheckId="CA1014" Status="Active" Created="2013-10-05 09:21:28Z" FixCategory="NonBreaking">
       <Issue Certainty="95" Level="Error">Markieren Sie "'RaptoRCon.Sockets.dll'" mit CLSCompliant(true), da so extern sichtbare Typen verfügbar gemacht werden.</Issue>
      </Message>
     </Messages>
    </Module>
   </Modules>
  </Target>
 </Targets>
 <Rules>
  <Rule TypeName="MarkAssembliesWithClsCompliant" Category="Microsoft.Design" CheckId="CA1014">
   <Name>Assemblys mit CLSCompliantAttribute markieren</Name>
   <Description>Bei Assemblys muss die CLS-Kompatibilität mithilfe des CLSCompliant-Atttributs explizit angegeben werden. Eine Assembly ohne dieses Attribut ist nicht CLS-kompatibel. Assemblys, Module und Typen können selbst dann CLS-kompatibel sein, wenn einige Komponenten der Assembly, des Moduls oder des Typs nicht CLS-kompatibel sind. Es gelten die folgenden Regeln: 1. Wenn das Element als CLSCompliant markiert ist, müssen alle nicht kompatiblen Member das CLSCompliant-Attribut aufweisen, und das Argument muss auf "False" festgelegt sein. 2. Ein vergleichbarer alternativer CLS-kompatibler Member muss für jeden nicht CLS-kompatiblen Member zur Verfügung gestellt werden.</Description>
   <Resolution Name="Default">Markieren Sie "{0}" mit CLSCompliant(true), da so extern sichtbare Typen verfügbar gemacht werden.</Resolution>
   <Owner />
   <Url>http://msdn.microsoft.com/library/ms182156(VS.100).aspx</Url>
   <Email>[none]</Email>
   <MessageLevel Certainty="95">Error</MessageLevel>
   <File Name="designrules.dll" Version="11.0.0.0" />
  </Rule>
 </Rules>
 <Localized>
  <String Key="Category">Kategorie</String>
  <String Key="Certainty">Sicherheit</String>
  <String Key="CollapseAll">Alle reduzieren</String>
  <String Key="CheckId">Prüf-ID</String>
  <String Key="Error">Fehler</String>
  <String Key="Errors">Fehler</String>
  <String Key="ExpandAll">Alle erweitern</String>
  <String Key="Help">Hilfe</String>
  <String Key="Line">Zeile</String>
  <String Key="Messages">Meldung(en)</String>
  <String Key="LocationNotStoredInPdb">[Nicht in PDB gespeicherter Speicherort]</String>
  <String Key="Project">Projekt</String>
  <String Key="Resolution">Auflösung</String>
  <String Key="Rule">Regel</String>
  <String Key="RuleFile">Regeldatei</String>
  <String Key="RuleDescription">Regelbeschreibung</String>
  <String Key="Source">Quelle</String>
  <String Key="Status">Status</String>
  <String Key="Target">Ziel</String>
  <String Key="Warning">Warnung</String>
  <String Key="Warnings">Warnung(en)</String>
  <String Key="ReportTitle">Codeanalysebericht</String>
 </Localized>
</FxCopReport>
