Engine name;Human-readable name;Game modes
XP3_Desert;Bandar Desert;ConquestLarge0,ConquestSmall0,RushLarge0,SquadRush0,SquadDeathMatch0,TeamDeathMatch0,TankSuperiority0
XP3_Alborz;Alborz Mountains;ConquestLarge0,ConquestSmall0,RushLarge0,SquadRush0,SquadDeathMatch0,TeamDeathMatch0,TankSuperiority0
XP3_Shield;Armored Shield;ConquestLarge0,ConquestSmall0,RushLarge0,SquadRush0,SquadDeathMatch0,TeamDeathMatch0,TankSuperiority0
XP3_Valley;Death Valley;ConquestLarge0,ConquestSmall0,RushLarge0,SquadRush0,SquadDeathMatch0,TeamDeathMatch0,TankSuperiority0
